dimension,variance_before,variance_after,mean_before,mean_after,relative_mean_change,variance_ratio,equity_index
Popularity,0.011567871922187556,0.002891967980546892,0.016339397370488076,0.08882991189079849,4.4365473487225495,0.24999997838842122,0.2095298848589584
Book Length,0.016265458854019754,0.004066364713504932,0.141908656846031,0.15161454162856988,0.06839529687518889,0.24999998463000683,0.6753322386135474
Book Era,0.045611837312060144,0.011402959328015074,0.2809162862199912,0.22111835631555005,-0.21286743640325914,0.24999999451896765,0.6030961723227349
User Activity,0.0029705704410112645,0.000742642610252817,0.1124833925436005,0.13690190947735478,0.21708552848993878,0.24999991584110867,0.6009870986459831
Reading Pace,0.02445672412144891,0.006114181030362232,0.1952971971389631,0.17830881177503596,-0.08698734813307,0.24999998977786297,0.6660362147926482
